KEYWORD ,SIMILARITY % ,MONTHLY SEARCHES ,COMPETITION ,CPC
ebay,0%,37200000,0.019670003495139,151139
ebay,0%,37200000,0.019670003495139,151139
ebay kleinanzeigen,0%,13600000,0.018042371189567,66979
ebay uk,0%,0,0,0
ebay gebühren,0%,27100,0.014812832669654,436047
ebay kleinanzeigen köln,0%,18100,0.013890680583382,115712
ebay motors,0%,0,0,0
ebay kundenservice,0%,6600,0.030003744162333,263227
ebay immobilien,0%,12100,0.07007529622822,249810
ebay gutschein,0%,5400,0.050223910661563,137614
ebay kleinanzeigen verkaufen,0%,4400,0.27794490508475,145722
ebay+,0%,0,0,0
ebay,0%,37200000,0.019670003495139,151139
ebay+kleinanzeigen,0%,13600000,0.018042371189567,66979
ebay+immobilien,0%,12100,0.07007529622822,249810
ebay+bücher,0%,2900,0.38410266331263,195540
ebay+de,0%,2740000,0.037162206061401,76473
ebay+login,0%,22200,0.027267672968386,75682
ebay+schuhe+sofortkauf,0%,0,0,0
ebay+uk,0%,0,0,0
ebay+reisen,0%,6600,0.61737904872603,760420
ebay+kurzreisen,0%,5400,0.28277065811878,508665
ebay+a,0%,210,0.017792664959979,0
ebay+at,0%,14800,0.015627081527716,273084
ebay app,0%,8100,0.091648342931234,385810
ebay amerika,0%,2900,0.031702735012171,138494
ebay auto,0%,6600,0.26667450878656,340332
ebay australia,0%,0,0,0
ebay.at kleinanzeigen,0%,140,0.019375073973251,277508
ebay annunci,0%,0,0,0
ebay.at mein ebay,0%,0,0,0
ebay.at gebot zurückziehen,0%,0,0,0
ebay and iphone,0%,0,0,0
ebay+b,0%,170,0.053694262427832,543749
ebay+bücher,0%,2900,0.38410266331263,195540
ebay+bekommt der käufer die kontodaten,0%,0,0,0
ebay+betriebsbuch für die dampflokomotive,0%,0,0,0
ebay+bestätigungsmail erneut senden,0%,0,0,0
ebay berlin kleinanzeigen,0%,480,0.039445768844524,434278
ebay brazil,0%,140,0.037436753357469,78627
ebay be fr,0%,0,0,0
ebay.be kleinanzeigen,0%,10,0,0
ebay.be auto,0%,0,0,0
ebay.be iphone,0%,0,0,0
ebay+c,0%,320,0.024833041246496,244712
ebay china,0%,4400,0.09700695101994,705102
ebay canada,0%,0,0,0
ebay usa,0%,49500,0.026611750640579,162255
ebay.com kleinanzeigen,0%,170,0.041501976284585,0
ebay classifieds,0%,0,0,0
ebay classico,0%,0,0,0
ebay.com motors,0%,140,0.045105994159212,146350
ebay.com india,0%,0,0,0
ebay.com fr,0%,0,0,0
ebay com auto,0%,0,0,0
ebay+d,0%,9900,0.02021368958614,174341
ebay+de,0%,2740000,0.037162206061401,76473
ebay.de kleinanzeigen,0%,33100,0.070165501497335,115474
ebay deutschland,0%,60500,0.1729934641599,142859
ebay de login,0%,4400,0.019703146762561,70092
ebay dänemark,0%,1000,0.037150728575296,508277
ebay dirndl,0%,1900,0.75209259348847,546722
ebay.de auto,0%,880,0.2990920878601,331541
ebay dvd,0%,590,0.11264153077638,110494
ebay down,0%,590,0.00083459713565626,0
ebay desigual,0%,320,0.27629835948225,583759
ebay+e,0%,8100,0.01840877308538,86700
ebay england,0%,12100,0.10926572126349,19070
ebay ebay,0%,4400,0.047452553411888,136590
ebay ebay kleinanzeigen,0%,480,0.039909770565816,70264
ebay en usa,0%,0,0,0
ebay en france,0%,0,0,0
ebay ebay login,0%,0,0,0
ebay ebay motors,0%,0,0,0
ebay ebay ch,0%,0,0,0
ebay ebay kleinanzeigen berlin,0%,0,0,0
ebay en hong kong,0%,0,0,0
ebay+f,0%,260,0.026578302560704,30430
ebay+fr,0%,22200,0.010589227331987,260477
ebay france,0%,6600,0.032353746021011,172703
ebay for ipad,0%,0,0,0
ebay for iphone,0%,0,0,0
ebay for mobile,0%,0,0,0
ebay from china,0%,0,0,0
ebay for iphone 4,0%,0,0,0
ebay for iphone 5,0%,0,0,0
ebay for,0%,0,0,0
ebay from usa,0%,0,0,0
ebay+g,0%,90,0.033764637043035,0
ebay+germany,0%,0,0,0
ebay gebühren,0%,27100,0.014812832669654,436047
ebay gebot zurückziehen,0%,8100,0.0019848108924392,13663
ebay gebührenrechner,0%,5400,0.0020611746583595,22567
ebay gutschein,0%,5400,0.050223910661563,137614
ebay gb,0%,2400,0.026886975299478,322397
ebay guido maria kretschmer,0%,880,0.10618947333233,0
ebay gutschein paypal,0%,880,0.016312042281878,134791
ebay gebote streichen,0%,590,0.0037216067182678,0
ebay galaxy s2,0%,170,0.57186354952473,193102
ebay+h,0%,90,0.0077485246001896,0
ebay+hängematten mit gestell,0%,0,0,0
ebay hotline,0%,3600,0.010299441293603,105968
ebay holland,0%,1600,0.055560766759503,90469
ebay hunde,0%,2900,0.052490574340536,372696
ebay hong kong,0%,1000,0.031955036343039,433312
ebay htc one,0%,390,0.66852528399368,462549
ebay hungary,0%,110,0.020853650390755,0
ebay hamburg kleinanzeigen,0%,260,0.022109058396769,60134
ebay htc one x,0%,70,0.18753933566434,61444
ebay https,0%,70,0.025136388738585,0
ebay+i,0%,140,0.065080831092795,0
ebay+it,0%,22200,0.016097990380757,350660
ebay+immobilien,0%,12100,0.07007529622822,249810
ebay india,0%,0,0,0
ebay immobilien kleinanzeigen,0%,480,0.091961229646704,144956
ebay.it auto,0%,30,0.047445154466027,108002
ebay in deutschland,0%,170,0.082339336976857,106524
ebay in usa,0%,70,0.19425902664174,43844
ebay.it kleinanzeigen,0%,50,0.023935002195872,262534
ebay in china,0%,50,0.18044548044548,0
ebay in japan,0%,20,0.072757779133618,492708
ebay+j,0%,170,0.023545818966726,0
ebay+japan,0%,2900,0.024518859481923,279004
ebay jobs,0%,2400,0.26672284942872,866807
ebay jobs berlin,0%,1000,0.22686741924093,1354725
ebay jp,0%,320,0.018115630018441,118307
ebay kleinanzeigen,0%,13600000,0.018042371189567,66979
ebay japan in english,0%,70,0.072765104225778,0
ebay jeans,0%,210,0.44005711661702,608549
ebay jobs kleinanzeigen,0%,70,0.18278236914601,0
ebay jetski,0%,40,0.059180246538668,0
ebay jukebox,0%,20,0.25584128133929,0
ebay+k,0%,14800,0.0090945771788985,45989
ebay+kleinanzeigen,0%,13600000,0.018042371189567,66979
ebay+kurzreisen,0%,5400,0.28277065811878,508665
ebay+kleinanzeigen+berlin,0%,110000,0.020449416421038,142061
ebay+kettler+gartentisch,0%,0,0,0
ebay kleinanzeigen hamburg,0%,60500,0.021952195357194,152796
ebay kleinanzeigen hunde,0%,27100,0.048022994224723,333195
ebay kleinanzeigen immobilien,0%,27100,0.089228558523241,188528
ebay kleinanzeigen münchen,0%,27100,0.016529377013685,160118
ebay kleinanzeigen köln,0%,18100,0.013890680583382,115712
ebay kleinanzeigen bremen,0%,22200,0.016472447757137,181491
ebay+l,0%,590,0.023292290858565,202761
ebay+login,0%,22200,0.027267672968386,75682
ebay lokal,0%,2900,0.034044209507738,96335
ebay last minute,0%,1600,0.12522120678138,634242
ebay logo,0%,1300,0.015486984049003,0
ebay lego,0%,1000,0.10287041725626,245361
ebay louis vuitton,0%,390,0.22168656591799,596606
ebay lookbookstore,0%,1000,0.10674200167888,121815
ebay laptop,0%,720,0.88091580889907,326631
ebay lego star wars,0%,720,0.65785300307717,392874
ebay longchamp,0%,140,0.078923586501322,500647
ebay+m,0%,170,0.028397343315363,15828
ebay+motors,0%,0,0,0
ebay+malaysia,0%,0,0,0
ebay+moto g,0%,20,0.213375071144,466906
ebay marktplatz,0%,2900,0.032358538531318,108555
ebay mobile,0%,2400,0.047416845087929,142775
ebay mein,0%,8100,0.37829638569139,79414
ebay mexico,0%,0,0,0
ebay motors uk,0%,0,0,0
ebay macbook pro,0%,140,0.39949584140888,205274
ebay m,0%,170,0.028397343315363,15828
ebay+n,0%,140,0.060929882253103,0
ebay+nz,0%,0,0,0
ebay niederlande,0%,1300,0.039142535329683,296256
ebay news,0%,590,0.018094407352527,60870
ebay nintendo ds,0%,210,0.21823723534896,89380
ebay nintendo 3ds,0%,320,0.57184494138539,151738
ebay nike air max,0%,260,0.68665902958829,442627
ebay norway,0%,140,0.043066053355217,14732
ebay nerf,0%,260,0.66697476846857,346584
ebay nexus 4,0%,170,0.13706007532714,0
ebay nexus 7,0%,90,0.34095984815229,290194
ebay+o,0%,40,0.04526712112919,0
ebay official site,0%,0,0,0
ebay on ipad,0%,0,0,0
ebay on mobile,0%,0,0,0
ebay on iphone,0%,0,0,0
ebay of china,0%,0,0,0
ebay of england,0%,0,0,0
ebay of k,0%,0,0,0
ebay of japan,0%,0,0,0
ebay on iphone 4,0%,0,0,0
ebay on wiki,0%,0,0,0
ebay+p,0%,70,0.028217689863688,0
ebay+ph,0%,0,0,0
ebay+paypal,0%,880,0.013917705079934,537951
ebay provision,0%,1900,0.0064838525827714,0
ebay penny deposits,0%,1000,0.014723108818704,0
ebay privatverkauf,0%,1600,0.02069055738681,3506769
ebay preisvorschlag,0%,1600,0.0024249072751175,0
ebay paypal gutschein,0%,1900,0.010071103663906,167789
ebay ps3,0%,720,0.18565027898519,224048
ebay portugal,0%,720,0.021653552058815,48151
ebay playmobil,0%,1000,0.17444196472221,211420
ebay+q,0%,20,0.0087198515769944,0
ebay quad,0%,390,0.26854517141183,206352
ebay quad gebraucht,0%,50,0.65005732943946,122007
ebay quinny,0%,40,0.18999906549314,0
ebay quinny zapp,0%,40,0.40956531608217,63007
ebay querflöte,0%,40,0.25171045171045,447763
ebay quadro,0%,30,0.037223761355583,0
ebay qlocktwo,0%,20,0.76339066339066,586995
ebay quinny zapp xtra,0%,20,0.4568654643602,508844
ebay quinny buzz,0%,0,0,0
ebay q6600,0%,0,0,0
ebay+r,0%,110,0.038332688063052,0
ebay+reisen,0%,6600,0.61737904872603,760420
ebay regional,0%,5400,0.20122834281523,114354
ebay russia,0%,880,0.025531755683118,35563
ebay romania,0%,390,0.043452857605013,208859
ebay rebuy,0%,480,0.0040143527701078,171537
ebay rolex,0%,210,0.19077668820682,177937
ebay ray ban,0%,90,0.32326348390429,812411
ebay ralph lauren,0%,90,0.3116588914321,842942
ebay radio,0%,110,0.12695107511077,10603
ebay raspberry pi,0%,70,0.0968300921587,486445
ebay+s,100%,390,0.036821735357632,110150
ebay+schuhe+sofortkauf,0%,0,0,0
ebay+schiebetüren glas,0%,0,0,0
ebay+sportex ruten,0%,0,0,0
ebay schweiz,0%,3600,0.022084630469391,209832
ebay shop,0%,6600,0.17296714668771,438617
ebay spanien,0%,1900,0.022445336779391,126640
ebay sniper,0%,1900,0.10058918375797,530341
ebay sofortkauf,0%,1600,0.02504391357204,71353
ebay samsung galaxy s3,0%,1600,0.95935967997958,314111
ebay samsung galaxy s2,0%,590,0.55257275955075,227859
ebay+t,100%,110,0.023690724826802,0
ebay+tablets,0%,140,0.89477375086328,619148
ebay telefonnummer,0%,3600,0.017251024593857,154025
ebay turbo lister,0%,2400,0.068803342007137,209916
ebay tools,0%,1300,0.17210412229088,907377
ebay tupperware,0%,1600,0.12433535635706,115804
ebay thailand,0%,590,0.047932984330129,345076
ebay taiwan,0%,210,0.034080835632148,0
ebay to,0%,20,0.015248433158881,0
ebay to k,0%,0,0,0
ebay the shop,0%,0,0,0
ebay+u,0%,210,0.034931829411597,0
ebay+uk,0%,0,0,0
ebay+usa,0%,49500,0.026611750640579,162255
ebay usa motors,0%,390,0.1234728760276,280671
ebay ukraine,0%,390,0.022593255117838,170436
ebay ugg boots,0%,90,0.63920038077106,0
ebay uk motors,0%,0,0,0
ebay uk cars,0%,0,0,0
ebay ukulele,0%,90,0.21988393443502,15799
ebay/up,0%,480,0.17389912388124,109151
ebay uae,0%,0,0,0
ebay+v,0%,90,0.029392093331105,0
ebay+versand von deutschland nach österreich,0%,0,0,0
ebay verkaufen,0%,4400,0.15367701127109,424100
ebay verkaufsprovision,0%,2900,0.0052112209576635,154284
ebay verkäufer suchen,0%,2400,0.010984292980434,148036
ebay verkaufsgebühren,0%,1900,0.0033138715243317,55998
ebay vom kauf zurücktreten,0%,1300,0.003904100510049,0
ebay verkaufsagent,0%,1000,0.24557864033574,750482
ebay versandkostenrechner,0%,480,0.036283109723723,530504
ebay verkauf stornieren,0%,720,0.0035600623216381,0
ebay verkaufslimit,0%,390,0.0026591095002376,0
ebay+w,0%,70,0.025591693630126,0
ebay+watches,0%,0,0,0
ebay wohnungen,0%,4400,0.072195731089641,107358
ebay wiki,0%,720,0.0004349974222375,0
ebay //www.ebay.com/,0%,0,0,0
ebay worldwide,0%,0,0,0
ebay wii u,0%,170,0.36152681443299,161685
ebay wohnungen kleinanzeigen,0%,70,0.18386231115823,49413
ebay //www.ebay.co.uk/,0%,0,0,0
ebay //www.ebay.fr/,0%,0,0,0
ebay www kleinanzeigen de,0%,0,0,0
ebay+x,0%,90,0.030753333768409,0
ebay xbox 360,0%,390,0.31657803313176,170071
ebay xbox,0%,110,0.13988191808832,273424
ebay xbox one,0%,140,0.22421105269894,259520
ebay xxl bilder,0%,90,0.46815383965666,811350
ebay xperia z,0%,70,0.35865690149578,1079285
ebay xbox 360 controller,0%,30,0.44403136799303,204709
ebay xbox live gold,0%,30,0.3586075036075,582224
xbox 360 ebay,0%,880,0.15468737291559,202364
ebay xperia arc s,100%,10,0.022551092318534,0
ebay xperia s,100%,10,0.012316715542522,0
ebay+y,0%,1300,0.079339255077836,136945
ebay y,0%,1300,0.079339255077836,136945
ebay yugioh,0%,170,0.18392902893498,214667
ebay youtube,0%,70,0.010575658834963,0
ebay yahoo,0%,40,0.0084963689851674,0
ebay yellow skater dress,0%,0,0,0
ebay yacht,0%,20,0.10992275698158,559535
ebay yellow dress,0%,0,0,0
ebay yamaha keyboard,0%,30,0.29833024118738,0
ebay yves saint laurent,0%,10,0.16781818181818,0
ebay yankee candle,0%,20,0.975,492141
ebay+z,0%,20,0.050983519404572,0
ebay+zwickau,0%,70,0.041744484333495,123272
ebay zu verschenken,0%,4400,0.039879176329892,138003
ebay zahlungsfrist,0%,210,0.020849194741659,0
ebay zusammenfassung,0%,720,0.063621951938656,91700
ebay zahlungsinformationen senden,0%,140,0.0027888516260609,0
ebay zahlungsabwicklung,0%,20,0.020425341853913,0
ebay zeit,0%,140,0.032039521205242,0
ebay zumba,0%,70,0.12056676575556,0
ebay zelte,0%,170,0.84316242576601,434135
ebay zumba dvd,0%,30,0.33271004493852,228611
ebay+1,0%,90,0.031390202264076,0
ebay 1 euro,0%,260,0.019406000578465,46360
ebay 15 euro paypal gutschein,0%,40,0.033057851239669,0
ebay 1,0%,90,0.031390202264076,0
ebay 10,0%,70,0.0092819825573482,0
ebay 1a schuhe,0%,10,0.066287878787879,0
ebay 17 macbook pro,0%,0,0,0
ebay 16gb iphone 4,0%,0,0,0
ebay 1210 technics,0%,0,0,0
ebay 13 macbook pro,0%,0,0,0
ebay 15 macbook pro,0%,0,0,0
ebay+2,0%,40,0.0067834633052024,0
ebay 2012,0%,0,0,0
ebay 2013,0%,50,0.017330495591365,0
ebay 29er,0%,0,0,0
ebay 27 imac,0%,0,0,0
ebay 2013 kostenlos einstellen,0%,0,0,0
ebay 2ds,0%,0,0,0
ebay 2011 annual report,0%,0,0,0
ebay 206 peugeot,0%,0,0,0
ebay 2 euro versandpauschale,0%,0,0,0
ebay 25 euro paypal gutschein,0%,0,0,0
ebay+3,0%,110,0.050353515281072,0
ebay 3ds,0%,90,0.10241387905024,193588
ebay 3gs,0%,40,0.094158101667488,0
ebay 3d drucker,0%,70,0.84377457387411,516671
ebay 3,0%,110,0.050353515281072,0
ebay 3ds xl,0%,30,0.39603540570999,0
ebay 3g iphone,0%,0,0,0
ebay 32gb iphone 4,0%,0,0,0
ebay 32gb micro sd,0%,0,0,0
ebay 3ds nintendo,0%,0,0,0
ebay 3gs 32gb iphone,0%,0,0,0
ebay+4,0%,90,0.070484687726067,0
ebay 4s,0%,90,0.13785619765416,0
ebay 4,0%,90,0.070484687726067,0
ebay 4s iphone,0%,20,0.22495626967864,0
ebay 4 iphone,0%,0,0,0
ebay 4g ipod touch,0%,0,0,0
ebay 450d canon,0%,0,0,0
ebay 460 gtx,0%,0,0,0
ebay 400d canon,0%,0,0,0
iphone 4s ebay,0%,2400,0.36223986193349,287240
ebay 40d canon,0%,0,0,0
ebay+5,0%,30,0.089096949562066,0
ebay 5d mark ii,0%,0,0,0
ebay 5 minutes shaper,0%,10,0.69770879526977,1583676
ebay 50ccm roller,0%,10,0.072563472563473,0
ebay 5d mark iii,0%,0,0,0
ebay 501 levis,0%,0,0,0
ebay 5850,0%,0,0,0
ebay 5s iphone,0%,0,0,0
ebay 50 roller,0%,0,0,0
ebay 5 min shaper,0%,0,0,0
ebay 580 gtx,0%,0,0,0
ebay+6,0%,10,0.028322741088699,0
ebay 60d,0%,0,0,0
ebay 600d,0%,0,0,0
ebay 6d,0%,0,0,0
ebay 6300 nokia,0%,0,0,0
ebay 60gb ps3,0%,0,0,0
ebay 64gb iphone 5,0%,0,0,0
ebay 6700 nokia,0%,0,0,0
ebay 6310i nokia,0%,0,0,0
ebay 64gb iphone 4s,0%,0,0,0
ebay 64gb ipad 2,0%,0,0,0
ebay+7,0%,480,0.011287824404214,0
ebay 7,0%,480,0.011287824404214,0
ebay 700 euro limit,0%,20,0.019891891891892,0
ebay 7270,0%,20,0.08141835016835,0
ebay 70 rabatt,0%,0,0,0
ebay 7d,0%,0,0,0
ebay 7 for all mankind jeans,0%,0,0,0
ebay 7170 fritzbox,0%,0,0,0
ebay 7970,0%,0,0,0
ebay 7950,0%,0,0,0
ebay 7870,0%,0,0,0
ebay+8,0%,10,0.02224075618571,0
ebay 8gb ipod touch,0%,0,0,0
ebay 808 16,0%,0,0,0
ebay 8800gt,0%,0,0,0
ebay 8gb ipod,0%,0,0,0
ebay 800 microsoft points,0%,0,0,0
ebay 8gb iphone 4,0%,0,0,0
ebay 80gb ipod classic,0%,0,0,0
ebay 8gb ipod nano,0%,0,0,0
ebay 806 peugeot,0%,0,0,0
ebay 8043 lego,0%,0,0,0
ebay+9,0%,20,0.01927689035703,0
ebay 911,0%,0,0,0
ebay 914 porsche,0%,0,0,0
ebay 944 porsche,0%,0,0,0
ebay 9800 gtx,0%,0,0,0
ebay 997 porsche,0%,0,0,0
ebay 9700 blackberry,0%,0,0,0
ebay 964 porsche,0%,0,0,0
ebay 9800 blackberry,0%,0,0,0
ebay 9780 blackberry,0%,0,0,0
ebay 9900 bold,0%,0,0,0
